PublicationYear,PublicationDate,Journal,Title,Authors,DOI,LandingPageUrl,OpenAlexWorkId
2026,2026-03-01,JETA,REA for Dummies: A Beginner’s Guide to One of the Most Important and Perplexing Innovations in Accounting,Michael Alles; Graham Gal,https://doi.org/10.2308/jeta-2024-022,https://doi.org/10.2308/jeta-2024-022,https://openalex.org/W7135176840
2026,2026-02-20,IJAIS,Deep learning meets risk-based auditing: A holistic framework for leveraging foundation and task-specific models in audit procedures,Tassilo L. Föhr; Marco Schreyer; Kevin Moffitt; Kai-Uwe Marten,https://doi.org/10.1016/j.accinf.2025.100758,https://doi.org/10.1016/j.accinf.2025.100758,https://openalex.org/W7130652604
2026,2026-02-06,JETA,"Continuous Artificial Intelligence-Based Reporting, Monitoring, and Assurance",Xiaoyu Hu; Miklos A. Vasarhelyi; Xiaomei Wang; Yi Yang,https://doi.org/10.2308/jeta-2025-058,https://doi.org/10.2308/jeta-2025-058,https://openalex.org/W7128163209
2025,2025-09-25,JETA,Challenges for Leveraging Explainable Artificial Intelligence in Audit Procedures,Hanchi Gu; Huijue Kelly Duan; Miklos A. Vasarhelyi,https://doi.org/10.2308/jeta-2023-044,https://doi.org/10.2308/jeta-2023-044,https://openalex.org/W4414498778
2025,2025-09-01,ISAFM,Manual Journal Entry Testing: Integrating Natural Language Processing and Deep Learning,Qing Huang; Huijue Kelly Duan; Miklos A. Vasarhelyi,https://doi.org/10.1002/isaf.70016,https://doi.org/10.1002/isaf.70016,https://openalex.org/W4414000692
2025,2025-08-29,JETA,Implementing a Capital Contract Framework for Silent Shareholders: The Role of Blockchain-Enabled Smart Contracts,Eid Alotaibi; Jumi Kim; Dan Palmon,https://doi.org/10.2308/jeta-2023-026,https://doi.org/10.2308/jeta-2023-026,https://openalex.org/W4413847504
2025,2025-07-11,JETA,Addressing the Last Mile Problem in Open Government Data: Using AIS Technologies to Enhance Governmental Financial Reporting,Huaxia Li; Danyang Wei; Kevin Moffitt; Miklos A. Vasarhelyi,https://doi.org/10.2308/jeta-2024-018,https://doi.org/10.2308/jeta-2024-018,https://openalex.org/W4412200832
2025,2025-07-06,ISAFM,Issue Information,Daniel O'leary; Amelia Baldwin; Wade Brorsen; Christer Carlsson; Alan Dennis; Cheryl Dunn; Omar Sawy; Guido Geerts; Kevin Kobelsky; Stewart Leech; Mark Leung; Thomas Mckee; Kevin Moffitt; Suzanne Pinson; Ralf Plattfaut; Alun Preece; Arvind Rangaswamy; Antoaneta Serguieva; Steve Sutton; Edward Tsang; Jan Vanthienen; Miklos Vasarhelyi; David Wood; George Wright; Ronald Yager,https://doi.org/10.1002/isaf.1560,https://doi.org/10.1002/isaf.1560,https://openalex.org/W4412098621
2025,2025-06-30,JIS,Detecting Suspicious Transactions Using Deep Learning-Based Process Mining,Yunsen Wang; Tiffany Chiu; Victoria Chiu; Miklos A. Vasarhelyi,https://doi.org/10.2308/isys-2024-006,https://doi.org/10.2308/isys-2024-006,https://openalex.org/W4411803900
2025,2025-06-26,JETA,Next-Generation Gamification in Accounting Education: Digital-Role Play Games (D-RPGs) with Generative AI (GAI),Fangbing Xiong; Jie Bao,https://doi.org/10.2308/jeta-2024-012,https://doi.org/10.2308/jeta-2024-012,https://openalex.org/W4411689131
2025,2025-06-01,JETA,Exploratory Experiments in Generating Bag of Word Dictionaries Using Word2Vec and ChatGPT,Daniel E. O’Leary; Yangin Yoon; Kevin Moffitt,https://doi.org/10.2308/jeta-2024-013,https://doi.org/10.2308/jeta-2024-013,https://openalex.org/W4411368861
2025,2025-05-28,JETA,Fair-Value Measurement for Illiquid and Unexchangeable Crypto Assets,Eyal Beigman; Gerard Brennan; Sheng-Feng Hsieh; Alexander J. Sannella,https://doi.org/10.2308/jeta-2024-006,https://doi.org/10.2308/jeta-2024-006,https://openalex.org/W4410809678
2025,2025-05-23,JIS,Using Machine Learning Algorithms to Improve Fiscal Distress Prediction Models: The Case of U.S. Local Governments,R. P. Liu; Huaxia Li; Kyunghee Yoon; Miklos A. Vasarhelyi,https://doi.org/10.2308/isys-2023-049,https://doi.org/10.2308/isys-2023-049,https://openalex.org/W4410643310
2025,2025-05-05,JETA,"Business Education 4.0: A Pedagogical Emphasis on Innovation, Flexibility, and Scalability",Huijue Kelly Duan; Hussein Issa; Miklos A. Vasarhelyi,https://doi.org/10.2308/jeta-2024-029,https://doi.org/10.2308/jeta-2024-029,https://openalex.org/W4410086165
2025,2025-04-07,ISAFM,Issue Information,Daniel O'leary; Amelia Baldwin; Wade Brorsen; Christer Carlsson; Alan Dennis; Cheryl Dunn; Omar Sawy; Guido Geerts; Kevin Kobelsky; Stewart Leech; Mark Leung; Thomas Mckee; Kevin Moffitt; Suzanne Pinson; Ralf Plattfaut; Alun Preece; Arvind Rangaswamy; Antoaneta Serguieva; Steve Sutton; Edward Tsang; Jan Vanthienen; Miklos Vasarhelyi; David Wood; George Wright; Ronald Yager,https://doi.org/10.1002/isaf.1558,https://doi.org/10.1002/isaf.1558,https://openalex.org/W4409208985
2025,2025-02-28,JETA,Visual Analytics and Visual Audit,Lu Zhang; Heejae Lee; Qi Liu; Miklos A. Vasarhelyi,https://doi.org/10.2308/jeta-2022-063,https://doi.org/10.2308/jeta-2022-063,https://openalex.org/W4408047768
2024,2024-10-01,JETA,It’s Not Intelligence; It’s Functionality!,Yu Gu; Qing Huang; Miklos A. Vasarhelyi,https://doi.org/10.2308/jeta-2024-025,https://doi.org/10.2308/jeta-2024-025,https://openalex.org/W4403042583
2024,2024-09-21,IJAIS,The application of continuous audit and monitoring methodology: A government medication procurement case,Wenru Wang; Miklos A. Vasarhelyi,https://doi.org/10.1016/j.accinf.2024.100713,https://doi.org/10.1016/j.accinf.2024.100713,https://openalex.org/W4402707586
2024,2024-08-22,JIS,Extracting Financial Data from Unstructured Sources: Leveraging Large Language Models,Huaxia Li; Haoyun Gao; Chengzhang Wu; Miklos A. Vasarhelyi,https://doi.org/10.2308/isys-2023-047,https://doi.org/10.2308/isys-2023-047,https://openalex.org/W4401780550
2024,2024-08-22,JIS,Integrating Process Mining and Machine Learning for Advanced Internal Control Evaluation in Auditing,Huijue Kelly Duan; Miklos A. Vasarhelyi; Maurí­cio Mello Codesso,https://doi.org/10.2308/isys-2022-028,https://doi.org/10.2308/isys-2022-028,https://openalex.org/W4401778973
2024,2024-08-06,JETA,Using Artificial Intelligence in ESG Assurance,Nichole Li; Meehyun Kim; Jun Dai; Miklos A. Vasarhelyi,https://doi.org/10.2308/jeta-2022-054,https://doi.org/10.2308/jeta-2022-054,https://openalex.org/W4401360651
2024,2024-07-29,JETA,Applying Large Language Models in Accounting: A Comparative Analysis of Different Methodologies and Off-the-Shelf Examples,Huaxia Li; Miklos A. Vasarhelyi,https://doi.org/10.2308/jeta-2023-065,https://doi.org/10.2308/jeta-2023-065,https://openalex.org/W4401072240
2024,2024-07-15,IJAIS,Artificial intelligence co-piloted auditing,Hanchi Gu; Marco Schreyer; Kevin Moffitt; Miklos A. Vasarhelyi,https://doi.org/10.1016/j.accinf.2024.100698,https://doi.org/10.1016/j.accinf.2024.100698,https://openalex.org/W4400654973
2024,2024-07-13,IJAIS,Fair value estimates for illiquid cryptocurrency,G. Zhang; Alexander J. Sannella; Gerard Brennan; Muhammad Talha Afzal,https://doi.org/10.1016/j.accinf.2024.100700,http://dx.doi.org/10.1016/j.accinf.2024.100700,https://openalex.org/W4400601937
2024,2024-07-04,IJAIS,Government ESG reporting in smart cities,Yu Gu; Steven E. Katz; Xinxin Wang; Miklos A. Vasarhelyi; Jun Dai,https://doi.org/10.1016/j.accinf.2024.100701,https://doi.org/10.1016/j.accinf.2024.100701,https://openalex.org/W4400310052
2024,2024-07-03,IJAIS,The marketing on Big 4 websites of Big Data Analytics in the external audit: Evidence and consequences,Michael Alles; Glen L. Gray,https://doi.org/10.1016/j.accinf.2024.100697,https://doi.org/10.1016/j.accinf.2024.100697,https://openalex.org/W4400272957
2024,2024-07-02,IJAIS,Empirical analysis of liquidity thresholds for crypto assets,Sheng-Feng Hsieh; Gerard Brennan; Alexander J. Sannella,https://doi.org/10.1016/j.accinf.2024.100699,http://dx.doi.org/10.1016/j.accinf.2024.100699,https://openalex.org/W4400299720
2024,2024-05-16,JIS,Measuring Audit Quality with Surprise Scores: Evidence from China and the U.S.,Hanxin Hu; Ting Sun; Miklos A. Vasarhelyi; Min Zhang,https://doi.org/10.2308/isys-2023-027,https://doi.org/10.2308/isys-2023-027,https://openalex.org/W4396980301
2024,2024-05-16,JIS,Outlier Detection in Auditing: Integrating Unsupervised Learning within a Multilevel Framework for General Ledger Analysis,Danyang Wei; Soohyun Cho; Miklos A. Vasarhelyi; Liam Te-Wierik,https://doi.org/10.2308/isys-2022-026,https://doi.org/10.2308/isys-2022-026,https://openalex.org/W4396980313
2024,2024-03-08,JIS,External Nonfinancial Measures in Substantive Analytical Procedures: Contributions of Weather Information,Kyunghee Yoon; Alexander Kogan; Miklos A. Vasarhelyi; Tim Pearce,https://doi.org/10.2308/isys-2023-066,https://doi.org/10.2308/isys-2023-066,https://openalex.org/W4392603236
2024,2024-02-20,JETA,Rethinking the Standard-Setting Process: The Role of Intangibles,Melissa A. Dardani; Yu Gu; Hanxin Hu; Ann F. Medinets; Dan Palmon; Miklos A. Vasarhelyi,https://doi.org/10.2308/jeta-2024-001,https://doi.org/10.2308/jeta-2024-001,https://openalex.org/W4391957913
2023,2023-10-01,JETA,Large Language Models: An Emerging Technology in Accounting,Miklos A. Vasarhelyi; Kevin Moffitt; Trevor Stewart; Dan Sunderland,https://doi.org/10.2308/jeta-2023-047,https://doi.org/10.2308/jeta-2023-047,https://openalex.org/W4387526396
2023,2023-07-21,JIS,Designing a Classifying System for Nonprofit Organizations Using Textual Contents from the Mission Statement,Heejae Lee; Xinxin Wang; Richard B. Dull,https://doi.org/10.2308/isys-2021-033,https://doi.org/10.2308/isys-2021-033,https://openalex.org/W4385070314
2023,2023-05-24,IJAIS,Audit 4.0-based ESG assurance: An example of using satellite images on GHG emissions,Yu Gu; Jun Dai; Miklos A. Vasarhelyi,https://doi.org/10.1016/j.accinf.2023.100625,https://doi.org/10.1016/j.accinf.2023.100625,https://openalex.org/W4377981883
2023,2023-05-11,JETA,Internet of Things and Blockchain-Based Smart Contracts: Enabling Continuous Risk Monitoring and Assessment in Peer-to-Peer Lending,Zihao Zhang; Yu Gu; Lanxin Jiang; Wenjun Yu; Jun Dai,https://doi.org/10.2308/jeta-2022-003,https://doi.org/10.2308/jeta-2022-003,https://openalex.org/W4376128508
2023,2023-05-01,JETA,Management Accounting 4.0: The Future of Management Accounting,Jun Dai; Miklos A. Vasarhelyi,https://doi.org/10.2308/jeta-2023-009,https://doi.org/10.2308/jeta-2023-009,https://openalex.org/W4372271541
2023,2023-05-01,JETA,Teaching Predictive Audit Data Analytic Techniques: Time-Series Forecasting with Transactional and Exogenous Data,Zhaokai Yan; Deniz Appelbaum; Alexander Kogan; Miklos A. Vasarhelyi,https://doi.org/10.2308/jeta-2020-018,https://doi.org/10.2308/jeta-2020-018,https://openalex.org/W4378840605
2023,2023-04-12,JETA,"Environmental, Social, and Governance Taxonomy Simplification: A Hybrid Text Mining Approach",Lanxin Jiang; Yu Gu; Jun Dai,https://doi.org/10.2308/jeta-2022-041,https://doi.org/10.2308/jeta-2022-041,https://openalex.org/W4365385036
2023,2023-01-24,IJDAR,Doublethink in governmental accounting: development of an RPA to identify inconsistencies in financial reporting,,https://doi.org/10.4192/1577-8517-v24_1,https://doi.org/10.4192/1577-8517-v24_1,https://openalex.org/W4391185282
2022,2022-11-25,IJAIS,Enhancing the government accounting information systems using social media information: An application of text mining and machine learning,Huijue Kelly Duan; Miklos A. Vasarhelyi; Maurí­cio Mello Codesso; Zamil S. Alzamil,https://doi.org/10.1016/j.accinf.2022.100600,https://doi.org/10.1016/j.accinf.2022.100600,https://openalex.org/W4310022052
2022,2022-11-01,JETA,Annual Editor Report,Miklos A. Vasarhelyi; Hui Du,https://doi.org/10.2308/jeta-10856,http://dx.doi.org/10.2308/jeta-10856,https://openalex.org/W4387508281
2022,2022-10-01,ISAFM,Increasing the utility of performance audit reports: Using textual analytics tools to improve government reporting,Huijue Kelly Duan; Hanxin Hu; Yangin Yoon; Miklos A. Vasarhelyi,https://doi.org/10.1002/isaf.1526,https://doi.org/10.1002/isaf.1526,https://openalex.org/W4311819524
2022,2022-09-01,JETA,The Case for an App-Based Financial Reporting System,Michael Alles; Rimona Palas; Miklos A. Vasarhelyi; Fangbing Xiong,https://doi.org/10.2308/jeta-10827,https://doi.org/10.2308/jeta-10827,https://openalex.org/W4320803757
2022,2022-08-11,IJAIS,Continuous monitoring with machine learning and interactive data visualization: An application to a healthcare payroll process,Guangyue Zhang; Hilal Atasoy; Miklos A. Vasarhelyi,https://doi.org/10.1016/j.accinf.2022.100570,https://doi.org/10.1016/j.accinf.2022.100570,https://openalex.org/W4291002748
2022,2022-08-09,IJAIS,"Issues, risks, and challenges for auditing crypto asset transactions",Sheng-Feng Hsieh; Gerard Brennan,https://doi.org/10.1016/j.accinf.2022.100569,https://doi.org/10.1016/j.accinf.2022.100569,https://openalex.org/W4293327385
2022,2022-08-06,IJAIS,Text Visual Analysis in Auditing: Data Analytics for Journal Entries Testing,Heejae Lee; Lu Zhang; Qi Liu; Miklos A. Vasarhelyi,https://doi.org/10.1016/j.accinf.2022.100571,https://doi.org/10.1016/j.accinf.2022.100571,https://openalex.org/W4294436691
2022,2022-08-01,IJAIS,Explainable Artificial Intelligence (XAI) in auditing,Chanyuan Zhang; Soohyun Cho; Miklos A. Vasarhelyi,https://doi.org/10.1016/j.accinf.2022.100572,https://doi.org/10.1016/j.accinf.2022.100572,https://openalex.org/W4289222705
2022,2022-07-29,JETA,"Industry 4.0-Enabled Environment, Social, and Governance Reporting: A Case from a Chinese Energy Company",Wenjun Yu; Yu Gu; Jun Dai,https://doi.org/10.2308/jeta-2022-014,https://doi.org/10.2308/jeta-2022-014,https://openalex.org/W4288707163
2022,2022-03-01,JETA,The Rise of Accounting: Making Accounting Information Relevant Again with Exogenous Data,Arion Cheong; Huijue Kelly Duan; Qing Huang; Miklos A. Vasarhelyi; Chanyuan Abigail Zhang,https://doi.org/10.2308/jeta-10812,https://doi.org/10.2308/jeta-10812,https://openalex.org/W4288767511
2021,2021-11-05,JIS,Attended Process Automation in Audit: A Framework and A Demonstration,Chanyuan Zhang; Chanta Thomas; Miklos A. Vasarhelyi,https://doi.org/10.2308/isys-2020-073,https://doi.org/10.2308/isys-2020-073,https://openalex.org/W3211736643
2021,2021-09-01,JETA,The Transformation of Government Accountability and Reporting,Irfan Bora; Huijue Kelly Duan; Miklos A. Vasarhelyi; Chanyuan Zhang; Jun Dai,https://doi.org/10.2308/jeta-10780,https://doi.org/10.2308/jeta-10780,https://openalex.org/W4205309158
2021,2021-07-23,IJAIS,Design and evaluation of an advanced continuous data level auditing system: A three-layer structure,Kyunghee Yoon; Yue Liu; Tiffany Chiu; Miklos A. Vasarhelyi,https://doi.org/10.1016/j.accinf.2021.100524,https://doi.org/10.1016/j.accinf.2021.100524,https://openalex.org/W3183139774
2021,2021-07-19,JIS,Applications of Data Analytics: Cluster Analysis of Not-for-Profit Data,Zamil S. Alzamil; Deniz Appelbaum; William Glasgall; Miklos A. Vasarhelyi,https://doi.org/10.2308/isys-2020-025,https://doi.org/10.2308/isys-2020-025,https://openalex.org/W3211901932
2021,2021-06-22,JETA,Basics of SQL for Audit Data Retrieval and Analysis,Nuriddin Tojiboyev; Deniz Appelbaum; Alexander Kogan; Miklos A. Vasarhelyi,https://doi.org/10.2308/jeta-2020-021,https://doi.org/10.2308/jeta-2020-021,https://openalex.org/W3176560111
2021,2021-06-16,JETA,Dynamic View of Pandemic Circumstances with Government Interventions and Socioeconomic Factors,Wenru Wang; Miklos A. Vasarhelyi; Marcelo Machado de Freitas; Fabrícia Silva da Rosa,https://doi.org/10.2308/jeta-2020-078,https://doi.org/10.2308/jeta-2020-078,https://openalex.org/W3169066205
2021,2021-03-01,JETA,Reporting 4.0: Business Reporting for the Age of Mass Customization,Michael Alles; Jun Dai; Miklos A. Vasarhelyi,https://doi.org/10.2308/jeta-10764,https://doi.org/10.2308/jeta-10764,https://openalex.org/W3164398911
2020,2020-12-01,IJAIS,Using the 2019 JBE conference and 2017 JIS themed issue as natural experiments to examine the role of editors as gatekeepers of the research literature in AIS and ethics,Michael Alles,https://doi.org/10.1016/j.accinf.2020.100489,https://doi.org/10.1016/j.accinf.2020.100489,https://openalex.org/W3109489251
2020,2020-11-01,JETA,Annual Editor Report,Miklos A. Vasarhelyi; Hui Du,https://doi.org/10.2308/jeta-10796,https://doi.org/10.2308/jeta-10796,https://openalex.org/W4247982106
2020,2020-10-07,JETA,Measuring a Business's Grit and Survivability when Faced with “Black Swan” Events Like the Coronavirus Pandemic,Glen L. Gray; Michael Alles,https://doi.org/10.2308/jeta-2020-060,https://doi.org/10.2308/jeta-2020-060,https://openalex.org/W3091784917
2020,2020-10-05,JETA,Accounting Implications of Blockchain: A Hyperledger Composer Use Case for Intangible Assets,Kimberly Swanson Church; Sean Stein Smith; Ethan Kinory,https://doi.org/10.2308/jeta-19-11-01-43,https://doi.org/10.2308/jeta-19-11-01-43,https://openalex.org/W3092477525
2020,2020-09-30,JETA,Accessing Cloud Data to Expand Research and Analytical Opportunities: An Example using IRS/AWS Data for Nonprofit Organizations,Chengzhang Wu; Richard B. Dull,https://doi.org/10.2308/jeta-18-12-29-28,https://doi.org/10.2308/jeta-18-12-29-28,https://openalex.org/W4205464269
2020,2020-09-21,JETA,Continuous Intelligent Pandemic Monitoring (CIPM),Huijue Kelly Duan; Hanxin Hu,https://doi.org/10.2308/jeta-2020-061,https://doi.org/10.2308/jeta-2020-061,https://openalex.org/W3087930449
2020,2020-09-21,JETA,Using the Creation of an XBRL Risk Taxonomy as a Driver to Improve Post-Coronavirus 10-K Risk Disclosures,Michael Alles,https://doi.org/10.2308/jeta-2020-057,https://doi.org/10.2308/jeta-2020-057,https://openalex.org/W3088942041
2020,2020-09-01,JETA,Continuous Audit Intelligence as a Service (CAIaaS) and Intelligent App Recommendations,Jun Dai; Miklos A. Vasarhelyi,https://doi.org/10.2308/jeta-10751,https://doi.org/10.2308/jeta-10751,https://openalex.org/W3113602295
2020,2020-08-27,JIS,Classifying the Contents of Cybersecurity Risk Disclosure through Textual Analysis and Factor Analysis,Arion Cheong; Kyunghee Yoon; Soohyun Cho; Won Gyun No,https://doi.org/10.2308/isys-2020-031,https://doi.org/10.2308/isys-2020-031,https://openalex.org/W3081639134
2020,2020-08-24,JETA,Continuous Audit Implementation at Cia. Hering in Brazil,Maurí­cio Mello Codesso; Marcelo Machado de Freitas; Xinxin Wang; Alecsandra de Carvalho; Aldori Acácio da Silva Filho,https://doi.org/10.2308/jeta-2020-006,https://doi.org/10.2308/jeta-2020-006,https://openalex.org/W3117124095
2020,2020-08-18,JETA,A Model to Integrate Data Analytics in the Undergraduate Accounting Curriculum,Amer Qasim; Hussein Issa; Ghaleb A. El Refae; Alexander J. Sannella,https://doi.org/10.2308/jeta-2020-001,https://doi.org/10.2308/jeta-2020-001,https://openalex.org/W3070476067
2020,2020-07-13,IJAIS,“The first mile problem”: Deriving an endogenous demand for auditing in blockchain-based business processes,Michael Alles; Glen L. Gray,https://doi.org/10.1016/j.accinf.2020.100465,https://doi.org/10.1016/j.accinf.2020.100465,https://openalex.org/W3042573058
2020,2020-06-30,JIS,Privacy-Preserving Information Sharing within an Audit Firm,Alexander Kogan; Cheng Yin,https://doi.org/10.2308/isys-2020-017,https://doi.org/10.2308/isys-2020-017,https://openalex.org/W3126008086
2020,2020-06-24,JIS,Cloud Computing Start-ups and Emerging Technologies: From Private Investors' Perspectives,Cong Yu; Hui Du; Miklos A. Vasarhelyi,https://doi.org/10.2308/isys-17-040,https://doi.org/10.2308/isys-17-040,https://openalex.org/W3037499921
2020,2020-04-27,IJAIS,Big data and algorithmic trading against periodic and tangible asset reporting: The need for U-XBRL,Duo Pei; Miklos A. Vasarhelyi,https://doi.org/10.1016/j.accinf.2020.100453,https://doi.org/10.1016/j.accinf.2020.100453,https://openalex.org/W3018406296
2020,2020-03-01,JETA,Learning from Machine Learning in Accounting and Assurance,Soohyun Cho; Miklos A. Vasarhelyi; Ting Sun; Chanyuan Zhang,https://doi.org/10.2308/jeta-10718,https://doi.org/10.2308/jeta-10718,https://openalex.org/W3035797136
2020,2020-02-26,JIS,How Does Information Processing Efficiency Relate to Investment Efficiency? Evidence from XBRL Adoption,Xin Cheng; Feiqi Huang; Dan Palmon; Cheng Yin,https://doi.org/10.2308/isys-18-063,https://doi.org/10.2308/isys-18-063,https://openalex.org/W3008213693
2020,2020-01-16,JETA,Exploring the Playground: Blockchain Prototype Use Cases with Hyperledger Composer,Ethan Kinory; Sean Stein Smith; Kimberly Swanson Church,https://doi.org/10.2308/jeta-19-03-27-11,https://doi.org/10.2308/jeta-19-03-27-11,https://openalex.org/W3000551327
2020,2020-01-10,JIS,"Green IT Perceptions and Activities of Internal Auditors in Australia, Canada, and the United States",Kyunghee Yoon; Won Gyun No; Glen L. Gray; Peter Roebuck,https://doi.org/10.2308/isys-17-061,https://doi.org/10.2308/isys-17-061,https://openalex.org/W2998849085
2020,2020-01-01,JETA,Exploring the Playground: Blockchain Prototype Use Cases with Hyperledger Composer,Ethan Kinory; Sean Stein Smith; Kimberly Swanson Church,https://doi.org/10.2308/jeta-52717,https://doi.org/10.2308/jeta-52717,https://openalex.org/W4249509422
2019,2019-11-19,JETA,"Business Process ""De-Engineering"": Establishing the Value of the Human Auditor in an Automated Audit System",Michael Alles,https://doi.org/10.2308/jeta-19-04-02-18,https://doi.org/10.2308/jeta-19-04-02-18,https://openalex.org/W2991253482
2019,2019-11-07,IJAIS,Applying robotic process automation (RPA) in auditing: A framework,Feiqi Huang; Miklos A. Vasarhelyi,https://doi.org/10.1016/j.accinf.2019.100433,https://doi.org/10.1016/j.accinf.2019.100433,https://openalex.org/W2982980691
2019,2019-11-01,JETA,Business Process “De-Engineering”: Establishing the Value of the Human Auditor in an Automated Audit System,Michael Alles,https://doi.org/10.2308/jeta-52687,https://doi.org/10.2308/jeta-52687,https://openalex.org/W4253283686
2019,2019-10-21,JIS,Will the Medium Become the Message? A Framework for Understanding the Coming Automation of the Audit Process,Michael Alles; Glen L. Gray,https://doi.org/10.2308/isys-52633,https://doi.org/10.2308/isys-52633,https://openalex.org/W2982222743
2019,2019-10-16,JIS,"How Significant are the Differences in Financial Data Provided by Key Data Sources? A Comparison of XBRL, Compustat, Yahoo! Finance, and Google Finance",J. Efrim Boritz; Won Gyun No,https://doi.org/10.2308/isys-52618,https://doi.org/10.2308/isys-52618,https://openalex.org/W2980329567
2019,2019-10-16,JIS,The Role of Web Assurance Seals in Nonprofit Giving,Joseph Canada; Erica Harris,https://doi.org/10.2308/isys-52614,https://doi.org/10.2308/isys-52614,https://openalex.org/W2980703331
2019,2019-09-01,JETA,Annual Editor Report,Miklos A. Vasarhelyi; Hui Du,https://doi.org/10.2308/jeta-10741,https://doi.org/10.2308/jeta-10741,https://openalex.org/W3211826499
2019,2019-09-01,JIS,Annual Editor Report,Alexander Kogan; Patrick Wheeler,https://doi.org/10.2308/isys-10745,https://doi.org/10.2308/isys-10745,https://openalex.org/W4255625144
2019,2019-09-01,JETA,Intelligent Process Automation in Audit,Chanyuan Zhang,https://doi.org/10.2308/jeta-52653,https://doi.org/10.2308/jeta-52653,https://openalex.org/W2981950920
2019,2019-09-01,JETA,The Forthcoming Data Ecosystem for Business Measurement and Assurance,Soohyun Cho; Miklos A. Vasarhelyi; Chanyuan Zhang,https://doi.org/10.2308/jeta-10699,https://doi.org/10.2308/jeta-10699,https://openalex.org/W3005869272
2019,2019-08-02,JIS,Cloud-Based In-Memory Columnar Database Architecture for Continuous Audit Analytics,Yunsen Wang; Alexander Kogan,https://doi.org/10.2308/isys-52531,https://doi.org/10.2308/isys-52531,https://openalex.org/W2964803099
2019,2019-03-01,JETA,"Measuring with Exogenous Data (MED), and Government Economic Monitoring (GEM)",Helen L. Brown‐Liburd; Arion Cheong; Miklos A. Vasarhelyi; Xinxin Wang,https://doi.org/10.2308/jeta-10682,https://doi.org/10.2308/jeta-10682,https://openalex.org/W2990898436
2019,2019-03-01,JETA,Reengineering the Audit with Blockchain and Smart Contracts,Andrea Rozario; Chanta Thomas,https://doi.org/10.2308/jeta-52432,https://doi.org/10.2308/jeta-52432,https://openalex.org/W2941144870
2018,2018-10-04,IJAIS,Examining the role of the AIS research literature using the natural experiment of the 2018 JIS conference on cloud computing,Michael Alles,https://doi.org/10.1016/j.accinf.2018.09.001,https://doi.org/10.1016/j.accinf.2018.09.001,https://openalex.org/W2894846401
2018,2018-09-01,JETA,A Framework for Legacy Source Code Audit Analytics,Kevin Moffitt,https://doi.org/10.2308/jeta-52269,https://doi.org/10.2308/jeta-52269,https://openalex.org/W2891519787
2018,2018-09-01,JETA,Annual Editor Report,Miklos A. Vasarhelyi; Hui Du,https://doi.org/10.2308/10.2308/jeta-10673,https://doi.org/10.2308/10.2308/jeta-10673,https://openalex.org/W4256537910
2018,2018-09-01,JIS,Annual Editor Report,Alexander Kogan; Patrick Wheeler,https://doi.org/10.2308/isys-10688,https://doi.org/10.2308/isys-10688,https://openalex.org/W4240745665
2018,2018-09-01,JETA,Technological Disruption in Accounting and Auditing,Cong Yu; Hui Du; Miklos A. Vasarhelyi,https://doi.org/10.2308/jeta-10640,https://doi.org/10.2308/jeta-10640,https://openalex.org/W2948237974
2018,2018-08-08,ISAFM,Predicting credit card delinquencies: An application of deep neural networks,Ting Sun; Miklos A. Vasarhelyi,https://doi.org/10.1002/isaf.1437,https://doi.org/10.1002/isaf.1437,https://openalex.org/W2886399336
2018,2018-07-01,JETA,AIS Research and Government Accounting Research Compared: Special Section of <i>JETA</i> on the Use of AIS Technology in Government Reporting,Hussein Issa,https://doi.org/10.2308/jeta-10590,https://doi.org/10.2308/jeta-10590,https://openalex.org/W2886119847
2018,2018-07-01,JETA,Robotic Process Automation for Auditing,Kevin Moffitt; Andrea Rozario; Miklos A. Vasarhelyi,https://doi.org/10.2308/jeta-10589,https://doi.org/10.2308/jeta-10589,https://openalex.org/W2886573619
2018,2018-06-29,IJAIS,SEC's cybersecurity disclosure guidance and disclosed cybersecurity risk factors,He Li; Won Gyun No; Tawei Wang,https://doi.org/10.1016/j.accinf.2018.06.003,https://doi.org/10.1016/j.accinf.2018.06.003,https://openalex.org/W2810555936
2018,2018-06-28,IJAIS,Designing confidentiality-preserving Blockchain-based transaction processing systems,Yunsen Wang; Alexander Kogan,https://doi.org/10.1016/j.accinf.2018.06.001,https://doi.org/10.1016/j.accinf.2018.06.001,https://openalex.org/W2811197371
2018,2018-06-01,JIS,Discrepancies in Hospital Financial Information: Comparison of Financial Data in State Data Repositories and the Healthcare Cost Reporting Information System,Melvin A. Lamboy-Ruiz; Won Gyun No; Olena V. Watanabe,https://doi.org/10.2308/isys-52149,https://doi.org/10.2308/isys-52149,https://openalex.org/W2806794310
2018,2018-06-01,JIS,Do Managers Use Extension Elements Strategically in the SEC's Tagged Data for Financial Statements? Evidence from XBRL Complexity,Feiqi Huang; Won Gyun No; Miklos A. Vasarhelyi,https://doi.org/10.2308/isys-52162,https://doi.org/10.2308/isys-52162,https://openalex.org/W2808093737
2018,2018-03-01,JETA,Making Government Data Valuable for Constituents: The Case for the Advanced Data Analytics Capabilities of the ENHANCE Framework,Stephen Kozlowski; Hussein Issa; Deniz Appelbaum,https://doi.org/10.2308/jeta-52096,https://doi.org/10.2308/jeta-52096,https://openalex.org/W2793488412
2018,2018-03-01,JETA,Predicting Public Procurement Irregularity: An Application of Neural Networks,Ting Sun; Leonardo J. Sales,https://doi.org/10.2308/jeta-52086,https://doi.org/10.2308/jeta-52086,https://openalex.org/W2790666987
2018,2018-01-12,IJAIS,Understanding usage and value of audit analytics for internal auditors: An organizational approach,He Li; Jun Dai; Tatiana Gershberg; Miklos A. Vasarhelyi,https://doi.org/10.1016/j.accinf.2017.12.005,https://doi.org/10.1016/j.accinf.2017.12.005,https://openalex.org/W2187306266
2017,2017-11-01,JETA,The Incremental Informativeness of the Sentiment of Conference Calls for Internal Control Material Weaknesses,Ting Sun,https://doi.org/10.2308/jeta-51969,https://doi.org/10.2308/jeta-51969,https://openalex.org/W2767485343
2017,2017-09-01,JETA,Annual Editor Report,Miklos A. Vasarhelyi,https://doi.org/10.2308/jeta-10615,https://doi.org/10.2308/jeta-10615,https://openalex.org/W2804980793
2017,2017-09-01,JIS,Annual Editor Report,Alexander Kogan; Patrick Wheeler,https://doi.org/10.2308/iace-10617,https://doi.org/10.2308/iace-10617,https://openalex.org/W2805405782
2017,2017-09-01,JETA,Toward a New Business Reporting Model,Li Zhang; Duo Pei; Miklos A. Vasarhelyi,https://doi.org/10.2308/jeta-10570,https://doi.org/10.2308/jeta-10570,https://openalex.org/W2788944635
2017,2017-08-01,JIS,Are XBRL Files Being Accessed? Evidence from the SEC EDGAR Log File Dataset,Cong Yu; Hui Du; Miklos A. Vasarhelyi,https://doi.org/10.2308/isys-51885,https://doi.org/10.2308/isys-51885,https://openalex.org/W2753774276
2017,2017-06-16,IJDAR,A hybrid method for taxonomy creation,,https://doi.org/10.4192/1577-8517-v17_2,https://doi.org/10.4192/1577-8517-v17_2,https://openalex.org/W2625903533
2017,2017-06-01,JIS,Toward Blockchain-Based Accounting and Assurance,Jun Dai; Miklos A. Vasarhelyi,https://doi.org/10.2308/isys-51804,https://doi.org/10.2308/isys-51804,https://openalex.org/W2622621570
2017,2017-04-07,IJAIS,Impact of business analytics and enterprise systems on managerial accounting,Deniz Appelbaum; Alexander Kogan; Miklos A. Vasarhelyi; Zhaokai Yan,https://doi.org/10.1016/j.accinf.2017.03.003,https://doi.org/10.1016/j.accinf.2017.03.003,https://openalex.org/W2604418039
2017,2017-03-01,JETA,Cybersecurity and Continuous Assurance,Won Gyun No; Miklos A. Vasarhelyi,https://doi.org/10.2308/jeta-10539,https://doi.org/10.2308/jeta-10539,https://openalex.org/W2731650209
2017,2017-02-01,JETA,Using Drones in Internal and External Audits: An Exploratory Framework,Deniz Appelbaum; Robert A. Nehmer,https://doi.org/10.2308/jeta-51704,https://doi.org/10.2308/jeta-51704,https://openalex.org/W2588383444
2016,2016-09-01,JETA,Designing Audit Apps for Armchair Auditors to Analyze Government Procurement Contracts,Jun Dai; Qiao Li,https://doi.org/10.2308/jeta-51598,https://doi.org/10.2308/jeta-51598,https://openalex.org/W2521992742
2016,2016-09-01,JETA,Journal of Emerging Technologies in Accounting,Miklos A. Vasarhelyi,https://doi.org/10.2308/1558-7940-13.2.247,https://doi.org/10.2308/1558-7940-13.2.247,https://openalex.org/W4232369345
2016,2016-09-01,JETA,Research Ideas for Artificial Intelligence in Auditing: The Formalization of Audit and Workforce Supplementation,Hussein Issa; Ting Sun; Miklos A. Vasarhelyi,https://doi.org/10.2308/jeta-10511,https://doi.org/10.2308/jeta-10511,https://openalex.org/W2591793331
2016,2016-08-05,IJAIS,Incorporating big data in audits: Identifying inhibitors and a research agenda to address those inhibitors,Michael Alles; Glen L. Gray,https://doi.org/10.1016/j.accinf.2016.07.004,https://doi.org/10.1016/j.accinf.2016.07.004,https://openalex.org/W2480689891
2016,2016-07-01,JETA,Imagineering Audit 4.0,Jun Dai; Miklos A. Vasarhelyi,https://doi.org/10.2308/jeta-10494,https://doi.org/10.2308/jeta-10494,https://openalex.org/W2504369453
2016,2016-06-01,JIS,Perspectives on Past and Future AIS Research as the <i>Journal of Information Systems</i> Turns Thirty,Kevin Moffitt; Vernon J. Richardson; Neal M. Snow; Martin Weisner; David A. Wood,https://doi.org/10.2308/isys-51495,https://doi.org/10.2308/isys-51495,https://openalex.org/W3123988104
2016,2016-04-01,JETA,Data Analytics: Introduction to Using Analytics in Auditing,David Chan; Alexander Kogan,https://doi.org/10.2308/jeta-51463,https://doi.org/10.2308/jeta-51463,https://openalex.org/W2320156378
2016,2016-04-01,JETA,Securing Big Data Provenance for Auditors: The Big Data Provenance Black Box as Reliable Evidence,Deniz Appelbaum,https://doi.org/10.2308/jeta-51473,https://doi.org/10.2308/jeta-51473,https://openalex.org/W2341215311
2016,2016-03-01,JETA,Computer-Assisted Functions for Auditing XBRL-Related Documents,J. Efrim Boritz; Won Gyun No,https://doi.org/10.2308/jeta-51436,https://doi.org/10.2308/jeta-51436,https://openalex.org/W226757706
2016,2016-03-01,JETA,Text Mining to Uncover the Intensity of SEC Comment Letters and Its Association with the Probability of 10-K Restatement,Yue Liu; Kevin Moffitt,https://doi.org/10.2308/jeta-51438,https://doi.org/10.2308/jeta-51438,https://openalex.org/W2298315580
2016,2016-01-01,JIS,XBRL Implementation and Post-Earnings-Announcement Drift: The Impact of State Ownership in China,Songsheng Chen; Jun Guo; Xiaoxiao Tong,https://doi.org/10.2308/isys-51374,https://doi.org/10.2308/isys-51374,https://openalex.org/W2231606302
2015,2015-12-01,JETA,Big Data and Audit Evidence,Helen L. Brown‐Liburd; Miklos A. Vasarhelyi,https://doi.org/10.2308/jeta-10468,https://doi.org/10.2308/jeta-10468,https://openalex.org/W2223222934
2015,2015-12-01,JETA,Journal of Emerging Technologies in Accounting,Miklos A. Vasarhelyi,https://doi.org/10.2308/1558-7940.12.1.201,https://doi.org/10.2308/1558-7940.12.1.201,https://openalex.org/W4230326607
2015,2015-11-28,IJAIS,Leveraging integrated information systems to enhance strategic flexibility and performance: The enabling role of enterprise risk management,Vicky Arnold; Tanya Benford; Joseph Canada; Steve G. Sutton,https://doi.org/10.1016/j.accinf.2015.10.001,https://doi.org/10.1016/j.accinf.2015.10.001,https://openalex.org/W2185156806
2015,2015-07-01,JIS,Exception Prioritization in the Continuous Auditing Environment: A Framework and Experimental Evaluation,Pei Li; David Chan; Alexander Kogan,https://doi.org/10.2308/isys-51220,https://doi.org/10.2308/isys-51220,https://openalex.org/W1940206590
2014,2014-12-01,JIS,"AIS as a Facilitator of Accounting Change: Technology, Practice, and Education",John Peter Krahel; Miklos A. Vasarhelyi,https://doi.org/10.2308/isys-10412,https://doi.org/10.2308/isys-10412,https://openalex.org/W2117394950
2014,2014-12-01,JETA,Continuous Controls Monitoring: A Case Study,Danielle R. Lombardi; Miklos A. Vasarhelyi; John P. S. Verver,https://doi.org/10.2308/jeta-51006,https://doi.org/10.2308/jeta-51006,https://openalex.org/W2137084912
2014,2014-12-01,JETA,Does a Live Instructor Matter?,Victoria Chiu; Tatiana Gershberg; Alexander J. Sannella; Miklos A. Vasarhelyi,https://doi.org/10.2308/jeta-51058,https://doi.org/10.2308/jeta-51058,https://openalex.org/W2119139312
2014,2014-12-01,JETA,Journal of Emerging Technologies in Accounting,Alex Kogan,https://doi.org/10.2308/1558-7940-11.1.105,https://doi.org/10.2308/1558-7940-11.1.105,https://openalex.org/W4237334810
2014,2014-09-01,JIS,Using XBRL to Conduct a Large-Scale Study of Discrepancies between the Accounting Numbers in Compustat and SEC 10-K Filings,Roman Chychyla; Alexander Kogan,https://doi.org/10.2308/isys-50922,https://doi.org/10.2308/isys-50922,https://openalex.org/W3124219329
2014,2014-07-04,IJAIS,The expert systems life cycle in AIS research: What does it mean for future AIS research?,Glen L. Gray; Victoria Chiu; Qi Liu; Pei Li,https://doi.org/10.1016/j.accinf.2014.06.001,https://doi.org/10.1016/j.accinf.2014.06.001,https://openalex.org/W2013867088
2014,2014-06-01,JIS,"Big Questions in AIS Research: Measurement, Information Processing, Data Analysis, and Reporting",Qi Liu; Miklos A. Vasarhelyi,https://doi.org/10.2308/isys-10395,https://doi.org/10.2308/isys-10395,https://openalex.org/W2037306679
2014,2014-05-01,JIS,A Predictive Ordered Logistic Regression Model as a Tool for Quality Review of Control Risk Assessments,Hussein Issa; Alexander Kogan,https://doi.org/10.2308/isys-50808,https://doi.org/10.2308/isys-50808,https://openalex.org/W2146482845
2014,2014-02-02,IJAIS,Automatic classification of accounting literature,Vasundhara Chakraborty; Victoria Chiu; Miklos A. Vasarhelyi,https://doi.org/10.1016/j.accinf.2014.01.001,https://doi.org/10.1016/j.accinf.2014.01.001,https://openalex.org/W2041768699
2014,2014-01-01,JIS,Development of an Anomaly Detection Model for a Bank's Transitory Account System,Yong‐Bum Kim; Alexander Kogan,https://doi.org/10.2308/isys-50699,https://doi.org/10.2308/isys-50699,https://openalex.org/W2004100982
2013,2013-12-01,JIS,A Survey of Privacy-Aware Supply Chain Collaboration: From Theory to Applications,Yuan Hong; Jaideep Vaidya; Shengbin Wang,https://doi.org/10.2308/isys-50692,https://doi.org/10.2308/isys-50692,https://openalex.org/W2025370847
2013,2013-12-01,JIS,AIS in an Age of Big Data,Kevin Moffitt; Miklos A. Vasarhelyi,https://doi.org/10.2308/isys-10372,https://doi.org/10.2308/isys-10372,https://openalex.org/W2116704115
2013,2013-12-01,JIS,Internal Auditors' Experiences and Opinions Regarding Green IT: Assessing the Gap in Normative and Positive Perspectives,Glen L. Gray; Won Gyun No; D. W. Miller,https://doi.org/10.2308/isys-50694,https://doi.org/10.2308/isys-50694,https://openalex.org/W2085743024
2013,2013-12-01,JETA,The Impact of Enterprise Resource Planning (ERP) Systems on the Audit Report Lag,Jongkyum Kim; Andreas I. Nicolaou; Miklos A. Vasarhelyi,https://doi.org/10.2308/jeta-50712,https://doi.org/10.2308/jeta-50712,https://openalex.org/W2154639311
2013,2013-07-01,JIS,A Theoretical Justification for Using Embodied Conversational Agents (ECAs) to Augment Accounting-Related Interviews,Matthew D. Pickard; Mary B. Burns; Kevin Moffitt,https://doi.org/10.2308/isys-50561,https://doi.org/10.2308/isys-50561,https://openalex.org/W2133000606
2013,2013-06-01,JIS,"Formalization of Standards, Automation, Robots, and IT Governance",Miklos A. Vasarhelyi,https://doi.org/10.2308/isys-10347,https://doi.org/10.2308/isys-10347,https://openalex.org/W2118032163
2013,2013-01-01,IJDAR,The Predictive Audit Framework,,https://doi.org/10.4192/1577-8517-v13_2,https://doi.org/10.4192/1577-8517-v13_2,https://openalex.org/W2100368889
2013,2013-01-01,JIS,XBRL Mandate: Thousands of Filing Errors and So What?,Hui Du; Miklos A. Vasarhelyi; Xiaochuan Zheng,https://doi.org/10.2308/isys-50399,https://doi.org/10.2308/isys-50399,https://openalex.org/W2092839836
2012,2012-12-01,JETA,A Measurement Theory Perspective on Business Measurement,Silvia Romero; Graham Gal; Theodore J. Mock; Miklos A. Vasarhelyi,https://doi.org/10.2308/jeta-50396,https://doi.org/10.2308/jeta-50396,https://openalex.org/W2005032433
2012,2012-12-01,JETA,A Model to Detect Potentially Fraudulent/Abnormal Wires of an Insurance Company: An Unsupervised Rule-Based Approach,Yong‐Bum Kim; Miklos A. Vasarhelyi,https://doi.org/10.2308/jeta-50411,https://doi.org/10.2308/jeta-50411,https://openalex.org/W2054021643
2012,2012-11-01,JIS,Financial Accounting Standards Should Not Matter: It's Just a Layer,Miklos A. Vasarhelyi,https://doi.org/10.2308/isys-10316,https://doi.org/10.2308/isys-10316,https://openalex.org/W2022889884
2012,2012-07-19,IJAIS,The case for process mining in auditing: Sources of value added and areas of application,Mieke Jans; Michael Alles; Miklos A. Vasarhelyi,https://doi.org/10.1016/j.accinf.2012.06.015,https://doi.org/10.1016/j.accinf.2012.06.015,https://openalex.org/W2160235283
2012,2012-07-11,IJAIS,The acceptance and adoption of continuous auditing by internal auditors: A micro analysis,Miklos A. Vasarhelyi; Michael Alles; Siripan Kuenkaikaew; James Littley,https://doi.org/10.1016/j.accinf.2012.06.011,https://doi.org/10.1016/j.accinf.2012.06.011,https://openalex.org/W2038798003
2012,2012-07-01,JIS,The Updated COSO Internal Control—Integrated Framework: Recommendations and Opportunities for Future Research,Diane J. Janvrin; Elizabeth A. Payne; Paul Byrnes; Gary P. Schneider; Mary B. Curtis,https://doi.org/10.2308/isys-50255,https://doi.org/10.2308/isys-50255,https://openalex.org/W2055594973
2012,2012-04-16,IJAIS,The evolution and future of XBRL research,Michael Alles; Roger Debreceny,https://doi.org/10.1016/j.accinf.2012.03.006,https://doi.org/10.1016/j.accinf.2012.03.006,https://openalex.org/W2083880512
2012,2012-03-01,JIS,AIS in a More Rapidly Evolving Era,Miklos A. Vasarhelyi,https://doi.org/10.2308/isys-10280,https://doi.org/10.2308/isys-10280,https://openalex.org/W2024524606
2012,2012-03-01,JIS,Consequences of XBRL Standardization on Financial Statement Data,Miklos A. Vasarhelyi; David Chan; John Peter Krahel,https://doi.org/10.2308/isys-10258,https://doi.org/10.2308/isys-10258,https://openalex.org/W1972195228
2012,2012-03-01,JIS,Special Issue of <i>JIS</i> on XBRL,Rajendra P. Srivastava; Qi Liu,https://doi.org/10.2308/isys-10255,https://doi.org/10.2308/isys-10255,https://openalex.org/W2015593896
2012,2012-03-01,JIS,The AICPA Assurance Services Executive Committee Emerging Assurance Technologies Task Force: The Audit Data Standards (ADS) Initiative,Li Zhang; Amy Pawlicki; Dorothy McQuilken; William R. Titera,https://doi.org/10.2308/isys-10277,https://doi.org/10.2308/isys-10277,https://openalex.org/W2133604390
2012,2012-02-01,JIS,A Relative Cost Framework of Demand for External Assurance of XBRL Filings,Michael Alles; Glen L. Gray,https://doi.org/10.2308/isys-10248,https://doi.org/10.2308/isys-10248,https://openalex.org/W2144686572
2011,2011-07-27,IJAIS,Collaborative design research: Lessons from continuous auditing,Michael Alles; Alexander Kogan; Miklos A. Vasarhelyi,https://doi.org/10.1016/j.accinf.2011.06.004,https://doi.org/10.1016/j.accinf.2011.06.004,https://openalex.org/W2088879353
2011,2011-02-01,IJAIS,Innovation and practice of continuous auditing,David Chan; Miklos A. Vasarhelyi,https://doi.org/10.1016/j.accinf.2011.01.001,https://doi.org/10.1016/j.accinf.2011.01.001,https://openalex.org/W2007148872
2011,2011-01-01,IJDAR,Cluster Analysis for Anomaly Detection in Accounting Data: An Audit Approach,,https://doi.org/10.4192/1577-8517-v11_4,https://doi.org/10.4192/1577-8517-v11_4,https://openalex.org/W2135564639
2010,2010-08-03,IJAIS,Assurance on XBRL instance document: A conceptual framework of assertions,Rajendra P. Srivastava; Alexander Kogan,https://doi.org/10.1016/j.accinf.2010.07.019,https://doi.org/10.1016/j.accinf.2010.07.019,https://openalex.org/W3125729824
2010,2010-01-01,JETA,The Remote Audit,Ryan A. Teeter; Michael Alles; Miklos A. Vasarhelyi,https://doi.org/10.2308/jeta.2010.7.1.73,https://doi.org/10.2308/jeta.2010.7.1.73,https://openalex.org/W2045933056
2008,2008-12-06,IJAIS,An evidential reasoning approach to Sarbanes-Oxley mandated internal control risk assessment,Theodore J. Mock; Lili Sun; Rajendra P. Srivastava; Miklos A. Vasarhelyi,https://doi.org/10.1016/j.accinf.2008.10.003,https://doi.org/10.1016/j.accinf.2008.10.003,https://openalex.org/W2113789692
2008,2008-11-07,IJAIS,The “now” economy and the traditional accounting reporting model: Opportunities and challenges for AIS research,Miklos A. Vasarhelyi; Michael Alles,https://doi.org/10.1016/j.accinf.2008.09.002,https://doi.org/10.1016/j.accinf.2008.09.002,https://openalex.org/W2052834147
2008,2008-10-26,IJAIS,Exploiting comparative advantage: A paradigm for value added research in accounting information systems,Michael Alles; Alexander Kogan; Miklos A. Vasarhelyi,https://doi.org/10.1016/j.accinf.2008.06.001,https://doi.org/10.1016/j.accinf.2008.06.001,https://openalex.org/W2026520730
2008,2008-09-01,JIS,Putting Continuous Auditing Theory into Practice: Lessons from Two Pilot Implementations,Michael Alles; Alexander Kogan; Miklos A. Vasarhelyi,https://doi.org/10.2308/jis.2008.22.2.195,https://doi.org/10.2308/jis.2008.22.2.195,https://openalex.org/W2038085124
2008,2008-01-01,JETA,Evolving Accounting Systems Research with Business Measurement Practice—A Letter from the Editor,Miklos A. Vasarhelyi,https://doi.org/10.2308/jeta.2008.5.1.i,https://doi.org/10.2308/jeta.2008.5.1.i,https://openalex.org/W2111162414
2008,2008-01-01,IJDAR,Reengineering Business Reporting Creating a Test Bed for Technology Driven Reporting,,https://doi.org/10.4192/1577-8517-v8_5,http://doi.org/10.4192/1577-8517-v8_5,https://openalex.org/W3146301015
2007,2007-01-01,JETA,Extraction of Structure and Content from the Edgar Database: A Template-Based Approach,Cong Yu; Alexander Kogan; Miklos A. Vasarhelyi,https://doi.org/10.2308/jeta.2007.4.1.69,https://doi.org/10.2308/jeta.2007.4.1.69,https://openalex.org/W2021249887
2006,2006-06-01,IJAIS,Continuous monitoring of business process controls: A pilot implementation of a continuous auditing system at Siemens,Michael Alles; Gerard P. Brennan; Alexander Kogan; Miklos A. Vasarhelyi,https://doi.org/10.1016/j.accinf.2005.10.004,https://doi.org/10.1016/j.accinf.2005.10.004,https://openalex.org/W2049891544
2006,2006-01-01,IJDAR,Measuring Information Latency,,https://doi.org/10.4192/1577-8517-v6_1,http://doi.org/10.4192/1577-8517-v6_1,https://openalex.org/W3143739561
2005,2005-03-01,JIS,Financial Reporting and Auditing Agent with Net Knowledge (FRAANK) and eXtensible Business Reporting Language (XBRL),Matthew Bovee; Alexander Kogan; Kay M. Nelson; Rajendra P. Srivastava; Miklos A. Vasarhelyi,https://doi.org/10.2308/jis.2005.19.1.19,https://doi.org/10.2308/jis.2005.19.1.19,https://openalex.org/W1987718081
2005,2005-01-01,JETA,Analytical Procedures: A Data Envelopment Analysis Approach,Ehsan H. Feroz; Sungsoo Kim; Raymond L. Raab,https://doi.org/10.2308/jeta.2005.2.1.17,https://doi.org/10.2308/jeta.2005.2.1.17,https://openalex.org/W2104408459
2004,2004-06-25,IJAIS,Restoring auditor credibility: tertiary monitoring and logging of continuous assurance systems,Michael Alles; Alexander Kogan; Miklos A. Vasarhelyi,https://doi.org/10.1016/j.accinf.2004.01.010,https://doi.org/10.1016/j.accinf.2004.01.010,https://openalex.org/W2130673401
2004,2004-06-11,IJAIS,Reply to the discussions of “Restoring Auditor Credibility: Tertiary Monitoring and Logging of Continuous Assurance Systems”,Michael Alles; Alexander Kogan; Miklos A. Vasarhelyi,https://doi.org/10.1016/j.accinf.2004.02.008,https://doi.org/10.1016/j.accinf.2004.02.008,https://openalex.org/W2057550452
2004,2004-01-01,JETA,Principles of Analytic Monitoring for Continuous Assurance,Miklos A. Vasarhelyi; Michael Alles; Alexander Kogan,https://doi.org/10.2308/jeta.2004.1.1.1,https://doi.org/10.2308/jeta.2004.1.1.1,https://openalex.org/W2133815380
2003,2003-03-01,IJAIS,Underlying principles of the electronization of business: a research agenda,Miklos A. Vasarhelyi; Marilyn Greenstein,https://doi.org/10.1016/s1467-0895(03)00002-2,https://doi.org/10.1016/s1467-0895(03)00002-2,https://openalex.org/W1993197517
2003,2003-01-01,IJDAR,Lessons for China and other Developing Economies from the Crisis in US Auditing,,https://doi.org/10.4192/1577-8517-v3_2,http://doi.org/10.4192/1577-8517-v3_2,https://openalex.org/W3151298188
2002,2002-09-01,JIS,Does the Year 2000 XBRL Taxonomy Accommodate Current Business Financial-Reporting Practice?,Matthew Bovee; Michael Ettredge; Rajendra P. Srivastava; Miklos A. Vasarhelyi,https://doi.org/10.2308/jis.2002.16.2.165,https://doi.org/10.2308/jis.2002.16.2.165,https://openalex.org/W2134725524
1999,1999-09-01,JIS,Continuous Online Auditing: A Program of Research,Alexander Kogan; Ephraim F. Sudit; Miklos A. Vasarhelyi,https://doi.org/10.2308/jis.1999.13.2.87,https://doi.org/10.2308/jis.1999.13.2.87,https://openalex.org/W2104185103
1997,1997-06-01,ISAFM,Business Process Modeling from the Control Perspective: The AI Planning Approach,Joseph Natovich; Miklos A. Vasarhelyi,https://doi.org/10.1002/(sici)1099-1174(199706)6:2<121::aid-isaf121>3.0.co;2-b,https://doi.org/10.1002/(sici)1099-1174(199706)6:2<121::aid-isaf121>3.0.co;2-b,https://openalex.org/W2039696208
1996,1996-09-01,ISAFM,An Expert System Approach to Audit Planning and Evaluation in the Belief-Function Framework,Rajendra P. Srivastava; Saurav K. Dutta; Robert W. Johns,https://doi.org/10.1002/(sici)1099-1174(199609)5:3<165::aid-isaf107>3.0.co;2-e,https://doi.org/10.1002/(sici)1099-1174(199609)5:3<165::aid-isaf107>3.0.co;2-e,https://openalex.org/W2164396174
1996,1996-09-01,ISAFM,An Expert System Approach to Audit Planning and Evaluation in the Belief‐Function Framework,Rajendra P. Srivastava; Saurav K. Dutta; Robert W. Johns,https://doi.org/10.1002/(sici)1099-1174(199609)5:3<165::aid-isaf107>3.3.co;2-5,https://doi.org/10.1002/(sici)1099-1174(199609)5:3<165::aid-isaf107>3.3.co;2-5,https://openalex.org/W4254595146